years,team_a,team_b,score_a,score_b,pk_a,pk_b
1930,France,Mexico,4,1,0,0
1930,Argentina,France,1,0,0,0
1930,Chile,Mexico,3,0,0,0
1930,Chile,France,1,0,0,0
1930,Argentina,Mexico,6,3,0,0
1930,Argentina,Chile,3,1,0,0
1930,Yugoslavia,Brazil,2,1,0,0
1930,Yugoslavia,Bolivia,4,0,0,0
1930,Brazil,Bolivia,4,0,0,0
1930,Romania,Peru,3,1,0,0
1930,Uruguay,Peru,1,0,0,0
1930,Uruguay,Romania,4,0,0,0
1930,United States,Belgium,3,0,0,0
1930,United States,Paraguay,3,0,0,0
1930,Paraguay,Belgium,1,0,0,0
1930,Argentina,United States,6,1,0,0
1930,Uruguay,Yugoslavia,6,1,0,0
1930,Uruguay,Argentina,4,2,0,0
1934,Sweden,Argentina,3,2,0,0
1934,Austria,France,3,2,0,0
1934,Germany,Belgium,5,2,0,0
1934,Spain,Brazil,3,1,0,0
1934,Hungary,Egypt,4,2,0,0
1934,Switzerland,Netherlands,3,2,0,0
1934,Italy,United States,7,1,0,0
1934,Czechoslovakia,Romania,2,1,0,0
1934,Czechoslovakia,Switzerland,3,2,0,0
1934,Germany,Sweden,2,1,0,0
1934,Italy,Spain,1,1,0,0
1934,Austria,Hungary,2,1,0,0
1934,Italy,Spain,1,0,0,0
1934,Italy,Austria,1,0,0,0
1934,Czechoslovakia,Germany,3,1,0,0
1934,Germany,Austria,3,2,0,0
1934,Italy,Czechoslovakia,2,1,0,0
1938,Hungary,Dutch East Indies,6,0,0,0
1938,France,Belgium,3,1,0,0
1938,Italy,Norway,2,1,0,0
1938,Brazil,poland,6,5,0,0
1938,Czechoslovakia,Netherlands,3,0,0,0
1938,Argentina,Sweden,3,0,0,0
1938,Cuba,Romania,2,1,0,0
1938,Germany,Switzerland,2,4,0,0
1938,Switzerland,Hungary,0,2,0,0
1938,Sweden,Cuba,8,0,0,0
1938,France,Italy,1,3,0,0
1938,Brazil,Czechoslovakia,2,1,0,0
1938,Hungary,Sweden,5,1,0,0
1938,Italy,Brazil,2,1,0,0
1938,Sweden,Brazil,2,4,0,0
1938,Hungary,Italy,2,4,0,0
1950,Brazil,Mexico,4,0,0,0
1950,Yugoslavia,Switzerland,3,0,0,0
1950,Brazil,Switzerland,2,2,0,0
1950,Yugoslavia,Mexico,4,1,0,0
1950,Brazil,Yugoslavia,2,0,0,0
1950,Switzerland,Mexico,2,1,0,0
1950,England,Chile,2,0,0,0
1950,Spain,United States,3,1,0,0
1950,Spain,Chile,2,0,0,0
1950,United States,England,1,0,0,0
1950,Spain,England,1,0,0,0
1950,Chile,United States,5,2,0,0
1950,Sweden,Italy,3,2,0,0
1950,Sweden,Paraguay,2,2,0,0
1950,Italy,Paraguay,2,0,0,0
1950,Uruguay,Bolivia,8,0,0,0
1950,Uruguay,Spain,2,2,0,0
1950,Brazil,Sweden,7,1,0,0
1950,Brazil,Spain,6,1,0,0
1950,Uruguay,Sweden,3,2,0,0
1950,Sweden,Spain,3,1,0,0
1950,Uruguay,Brazil,2,1,0,0
1954,Brazil,Mexico,5,0,0,0
1954,Yugoslavia,France,1,0,0,0
1954,Brazil,Yugoslavia,1,1,0,0
1954,France,Mexico,3,2,0,0
1954,West Germany,Turkey,4,1,0,0
1954,Hungary,South Korea,9,0,0,0
1954,Hungary,West Germany,8,3,0,0
1954,Turkey,South Korea,7,0,0,0
1954,West Germany,Turkey,7,2,0,0
1954,Uruguay,Czechoslovakia,2,0,0,0
1954,Austria,Scotland,1,0,0,0
1954,Austria,Czechoslovakia,5,0,0,0
1954,Uruguay,Scotland,7,0,0,0
1954,England,Belgium,4,4,0,0
1954,Switzerland,Italy,2,1,0,0
1954,England,Switzerland,2,0,0,0
1954,Italy,Belgium,4,1,0,0
1954,Switzerland,Italy,4,1,0,0
1954,Austria,Switzerland,7,5,0,0
1954,Uruguay,England,4,2,0,0
1954,Yugoslavia,West Germany,0,2,0,0
1954,Brazil,Hungary,2,4,0,0
1954,West Germany,Austria,6,1,0,0
1954,Hungary,Uruguay,4,2,0,0
1954,Uruguay,Austria,1,3,0,0
1954,Hungary,West Germany,2,3,0,0
1958,West Germany,Argentina,3,1,0,0
1958,Northern Ireland,Czechoslovakia,1,0,0,0
1958,Argentina,Northern Ireland,3,1,0,0
1958,West Germany,Czechoslovakia,2,2,0,0
1958,West Germany,Northern Ireland,2,2,0,0
1958,Czechoslovakia,Argentina,6,1,0,0
1958,Northern Ireland,Czechoslovakia,2,1,0,0
1958,France,Paraguay,7,3,0,0
1958,Yugoslavia,Scotland,1,1,0,0
1958,Yugoslavia,France,3,2,0,0
1958,Paraguay,Scotland,3,2,0,0
1958,France,Scotland,2,1,0,0
1958,Paraguay,Yugoslavia,3,3,0,0
1958,Sweden,Mexico,3,0,0,0
1958,Hungary,Wales,1,1,0,0
1958,Mexico,Wales,1,1,0,0
1958,Sweden,Hungary,2,1,0,0
1958,Sweden,Wales,0,0,0,0
1958,Hungary,Mexico,4,0,0,0
1958,Wales,Hungary,2,1,0,0
1958,Brazil,Austria,3,0,0,0
1958,Soviet Union,England,2,2,0,0
1958,Brazil,England,0,0,0,0
1958,Soviet Union,Austria,2,0,0,0
1958,England,Austria,2,2,0,0
1958,Brazil,Soviet Union,2,0,0,0
1958,Soviet Union,England,1,0,0,0
1958,France,Northern Ireland,4,0,0,0
1958,Sweden,Soviet Union,2,0,0,0
1958,Brazil,Wales,1,0,0,0
1958,West Germany,Yugoslavia,1,0,0,0
1958,France,Brazil,2,5,0,0
1958,West Germany,Sweden,1,3,0,0
1958,West Germany,France,3,6,0,0
1958,Sweden,Brazil,2,5,0,0
1962,Uruguay,Colombia,2,1,0,0
1962,Soviet Union,Yugoslavia,2,0,0,0
1962,Yugoslavia,Uruguay,3,1,0,0
1962,Soviet Union,Colombia,4,4,0,0
1962,Soviet Union,Uruguay,2,1,0,0
1962,Yugoslavia,Colombia,5,0,0,0
1962,Chile,Switzerland,3,1,0,0
1962,West Germany,Italy,0,0,0,0
1962,Chile,Italy,2,0,0,0
1962,West Germany,Switzerland,2,1,0,0
1962,West Germany,Chile,2,0,0,0
1962,Italy,Switzerland,3,0,0,0
1962,Brazil,Mexico,2,0,0,0
1962,Czechoslovakia,Spain,1,0,0,0
1962,Brazil,Czechoslovakia,0,0,0,0
1962,Spain,Mexico,1,0,0,0
1962,Brazil,Spain,2,1,0,0
1962,Mexico,Czechoslovakia,3,1,0,0
1962,Argentina,Bulgaria,1,0,0,0
1962,Hungary,England,2,1,0,0
1962,England,Argentina,3,1,0,0
1962,Hungary,Bulgaria,6,1,0,0
1962,Hungary,Argentina,0,0,0,0
1962,England,Bulgaria,0,0,0,0
1962,Chile,Soviet Union,2,1,0,0
1962,Yugoslavia,West Germany,1,0,0,0
1962,Brazil,England,3,1,0,0
1962,Czechoslovakia,Hungary,1,0,0,0
1962,Brazil,Chile,4,2,0,0
1962,Czechoslovakia,Yugoslavia,3,1,0,0
1962,Chile,Yugoslavia,1,0,0,0
1962,Brazil,Czechoslovakia,3,1,0,0
1966,England,Uruguay,0,0,0,0
1966,France,Mexico,1,1,0,0
1966,Uruguay,France,2,1,0,0
1966,England,Mexico,2,0,0,0
1966,Mexico,Uruguay,0,0,0,0
1966,England,France,2,0,0,0
1966, West Germany,Switzerland,5,0,0,0
1966,Argentina,Spain,2,1,0,0
1966,Spain,Switzerland,2,1,0,0
1966,Argentina,West Germany,0,0,0,0
1966,Argentina,Switzerland,2,0,0,0
1966,West Germany,Spain,2,1,0,0
1966,Brazil,Bulgaria,2,0,0,0
1966,Portugal,Hungary,3,1,0,0
1966,Hungary,Brazil,3,1,0,0
1966,Portugal,Bulgaria,3,0,0,0
1966,Portugal,Brazil,3,1,0,0
1966,Hungary,Bulgaria,3,1,0,0
1966,Soviet Union,North Korea,3,0,0,0
1966,Italy,Chile,2,0,0,0
1966,Chile,North Korea,1,1,0,0
1966,Soviet Union,Italy,1,0,0,0
1966,North Korea,Italy,1,0,0,0
1966,Soviet Union,Chile,2,1,0,0
1966,England,Argentina,1,0,0,0
1966,West Germany,Uruguay,4,0,0,0
1966,Soviet Union,Hungary,2,1,0,0
1966,Portugal,North Korea,5,3,0,0
1966,West Germany,Soviet Union,2,1,0,0
1966,England,Portugal,2,1,0,0
1966,Portugal,Soviet Union,2,1,0,0
1966,England,West Germany,4,2,0,0
1970,Mexico,Soviet Union,0,0,0,0
1970,Belgium,El Salvador,3,0,0,0
1970,Soviet Union,Belgium,4,1,0,0
1970,Mexico,El Salvador,4,0,0,0
1970,Soviet Union,El Salvador,2,0,0,0
1970,Mexico,Belgium,1,0,0,0
1970,Uruguay,Israel,2,0,0,0
1970,Italy,Sweden,1,0,0,0
1970,Uruguay,Italy,0,0,0,0
1970,Sweden,Israel,1,1,0,0
1970,Uruguay,Sweden,0,1,0,0
1970,Israel,Italy,0,0,0,0
1970,Romania,England,0,1,0,0
1970,Czechoslovakia,Brazil,1,4,0,0
1970,Romania,Czechoslovakia,2,1,0,0
1970,England,Brazil,0,1,0,0
1970,Romania,Brazil,2,3,0,0
1970,England,Czechoslovakia,1,0,0,0
1970,Peru,Bulgaria,3,2,0,0
1970,Morocco,West Germany,1,2,0,0
1970,Peru,Morocco,3,0,0,0
1970,Bulgaria,West Germany,2,5,0,0
1970,Peru,West Germany,1,3,0,0
1970,Bulgaria,Morocco,1,1,0,0
1970,Soviet Union,Uruguay,0,1,0,0
1970,Italy,Mexico,4,1,0,0
1970,Brazil,Peru,4,2,0,0
1970,West Germany,England,3,2,0,0
1970,Uruguay,Brazil,1,3,0,0
1970,Italy,West Germany,4,3,0,0
1970,Uruguay,West Germany,0,1,0,0
1970,Brazil,Italy,4,1,0,0
1974,West Germany,Chile,1,0,0,0
1974,East Germany,Australia,2,0,0,0
1974,Chile,East Germany,1,1,0,0
1974,Australia,West Germany,0,3,0,0
1974,Australia,Chile,0,0,0,0
1974,East Germany,West Germany,1,0,0,0
1974,Brazil,Yugoslavia,0,0,0,0
1974,Zaire,Scotland,0,2,0,0
1974,Yugoslavia,Zaire,9,0,0,0
1974,Scotland,Brazil,0,0,0,0
1974,Scotland,Yugoslavia,1,1,0,0
1974,Zaire,Brazil,0,3,0,0
1974,Uruguay,Netherlands,0,2,0,0
1974,Sweden,Bulgaria,0,0,0,0
1974,Netherlands,Sweden,0,0,0,0
1974,Uruguay,Bulgaria,1,1,0,0
1974,Netherlands,Bulgaria,4,1,0,0
1974,Sweden,Uruguay,3,0,0,0
1974,Italy,Haiti,3,1,0,0
1974,Poland,Argentina,3,2,0,0
1974,Haiti,Poland,0,7,0,0
1974,Argentina,Italy,1,1,0,0
1974,Argentina,Haiti,4,1,0,0
1974,Poland,Italy,2,1,0,0
1974,Brazil,East Germany,1,0,0,0
1974,Netherlands,Argentina,4,0,0,0
1974,East Germany,Netherlands,0,2,0,0
1974,Argentina,Brazil,1,2,0,0
1974,Argentina,East Germany,1,1,0,0
1974,Netherlands,Brazil,2,0,0,0
1974,Yugoslavia,West Germany,0,2,0,0
1974,Sweden,Poland,0,1,0,0
1974,West Germany,Sweden,4,2,0,0
1974,Poland,Yugoslavia,2,1,0,0
1974,Poland,West Germany,0,1,0,0
1974,Sweden,Yugoslavia,2,1,0,0
1974,Brazil,Poland,0,1,0,0
1974,Netherlands,West Germany,1,2,0,0
1978,Argentina,Hungary,2,1,0,0
1978,Italy,France,2,1,0,0
1978,Argentina,France,2,1,0,0
1978,Italy,Hungary,3,1,0,0
1978,Argentina,Italy,0,1,0,0
1978,France,Hungary,3,1,0,0
1978,West Germany,Poland,0,0,0,0
1978,Tunisia,Mexico,3,1,0,0
1978,Poland,Tunisia,1,0,0,0
1978,West Germany,Mexico,6,0,0,0
1978,Poland,Mexico,3,1,0,0
1978,West Germany,Tunisia,0,0,0,0
1978,Austria,Spain,2,1,0,0
1978,Brazil,Sweden,1,1,0,0
1978,Austria,Sweden,1,0,0,0
1978,Brazil,Spain,0,0,0,0
1978,Spain,Sweden,1,0,0,0
1978,Brazil,Austria,1,0,0,0
1978,Peru,Scotland,3,1,0,0
1978,Netherlands,Iran,3,0,0,0
1978,Scotland,Iran,1,1,0,0
1978,Netherlands,Peru,0,0,0,0
1978,Peru,Iran,4,1,0,0
1978,Scotland,Netherlands,3,2,0,0
1978,Italy,West Germany,0,0,0,0
1978,Austria,Netherlands,1,5,0,0
1978,Italy,Austria,1,0,0,0
1978,Netherlands,West Germany,2,2,0,0
1978,Italy,Netherlands,1,2,0,0
1978,Austria,West Germany,3,2,0,0
1978,Argentina,Poland,2,0,0,0
1978,Peru,Brazil,0,3,0,0
1978,Argentina,Brazil,0,0,0,0
1978,Peru,Poland,0,1,0,0
1978,Argentina,Peru,6,0,0,0
1978,Poland,Brazil,1,3,0,0
1978,Brazil,Italy,2,1,0,0
1978,Netherlands,Argentina,1,3,0,0
1982,Italy,Poland,0,0,0,0
1982,Peru,Cameroon,0,0,0,0
1982,Italy,Peru,1,1,0,0
1982,Poland,Cameroon,0,0,0,0
1982,Poland,Peru,5,1,0,0
1982,Italy,Cameroon,1,1,0,0
1982,West Germany,Algeria,1,2,0,0
1982,Chile,Austria,0,1,0,0
1982,West Germany,Chile,4,1,0,0
1982,Algeria,Austria,0,2,0,0
1982,Algeria,Chile,3,2,0,0
1982,West Germany,Austria,1,0,0,0
1982,Argentina,Belgium,0,1,0,0
1982,Hungary,El Salvador,10,1,0,0
1982,Argentina,Hungary,4,1,0,0
1982,Belgium,El Salvador,1,0,0,0
1982,Belgium,Hungary,1,1,0,0
1982,Argentina,El Salvador,2,0,0,0
1982,England,France,3,1,0,0
1982,Czechoslovakia,Kuwait,1,1,0,0
1982,England,Czechoslovakia,2,0,0,0
1982,France,Kuwait,4,1,0,0
1982,France,Czechoslovakia,1,1,0,0
1982,England,Kuwait,1,0,0,0
1982,Spain,Honduras,1,1,0,0
1982,Yugoslavia,Northern Ireland,0,0,0,0
1982,Spain,Yugoslavia,2,1,0,0
1982,Honduras,Northern Ireland,1,1,0,0
1982,Honduras,Yugoslavia,0,1,0,0
1982,Spain,Northern Ireland,0,1,0,0
1982,Brazil,Soviet Union,2,1,0,0
1982,Scotland,New Zealand,5,2,0,0
1982,Brazil,Scotland,4,1,0,0
1982,Soviet Union,New Zealand,3,0,0,0
1982,Soviet Union,Scotland,2,2,0,0
1982,Brazil,New Zealand,4,0,0,0
1982,Poland,Belgium,3,0,0,0
1982,Belgium,Soviet Union,0,1,0,0
1982,Soviet Union,Poland,0,0,0,0
1982,West Germany,England,0,0,0,0
1982,West Germany,Spain,2,1,0,0
1982,Spain,England,0,0,0,0
1982,Italy,Argentina,2,1,0,0
1982,Argentina,Brazil,1,3,0,0
1982,Italy,Brazil,3,2,0,0
1982,Austria,France,0,1,0,0
1982,Austria,Northern Ireland,2,2,0,0
1982,Northern Ireland,France,1,4,0,0
1982,Poland,Italy,0,2,0,0
1982,West Germany,France,3,3,0,0
1982,Poland,France,3,2,0,0
1982,Italy,West Germany,3,1,0,0
1986,Bulgaria,Italy,1,1,0,0
1986,Argentina,South Korea,3,1,0,0
1986,Italy,Argentina,1,1,0,0
1986,South Korea,Bulgaria,1,1,0,0
1986,South Korea,Italy,2,3,0,0
1986,Argentina,Bulgaria,2,0,0,0
1986,Belgium,Mexico,1,2,0,0
1986,Paraguay,Iraq,1,0,0,0
1986,Mexico,Paraguay,1,1,0,0
1986,Iraq,Belgium,1,2,0,0
1986,Iraq,Mexico,0,1,0,0
1986,Paraguay,Belgium,2,2,0,0
1986,Canada,France,0,1,0,0
1986,Soviet Union,Hungary,6,0,0,0
1986,France,Soviet Union,1,1,0,0
1986,Hungary,Canada,2,0,0,0
1986,Hungary,France,0,3,0,0
1986,Soviet Union,Canada,2,0,0,0
1986,Spain,Brazil,0,1,0,0
1986,Algeria,Northern Ireland,1,1,0,0
1986,Brazil,Algeria,1,0,0,0
1986,Northern Ireland,Spain,1,2,0,0
1986,Northern Ireland,Brazil,0,3,0,0
1986,Algeria,Spain,0,3,0,0
1986,Uruguay,West Germany,1,1,0,0
1986,Scotland,Denmark,0,1,0,0
1986,West Germany,Scotland,2,1,0,0
1986,Denmark,Uruguay,6,1,0,0
1986,Denmark,West Germany,2,0,0,0
1986,Scotland,Uruguay,0,0,0,0
1986,Morocco,Poland,0,0,0,0
1986,Portugal,England,1,0,0,0
1986,England,Morocco,0,0,0,0
1986,Poland,Portugal,1,0,0,0
1986,Portugal,Morocco,1,3,0,0
1986,England,Poland,3,0,0,0
1986,Mexico,Bulgaria,2,0,0,0
1986,Soviet Union,Belgium,3,4,0,0
1986,Argentina,Uruguay,1,0,0,0
1986,Brazil,Poland,4,0,0,0
1986,Italy,France,0,2,0,0
1986,Morocco,West Germany,0,1,0,0
1986,England,Paraguay,3,0,0,0
1986,Denmark,Spain,1,5,0,0
1986,Brazil,France,4,5,0,0
1986,West Germany,Mexico,4,1,0,0
1986,Spain,Belgium,6,5,0,0
1986,Argentina,England,2,1,0,0
1986,Argentina,Belgium,2,0,0,0
1986,France,West Germany,0,2,0,0
1986,France,Belgium,4,2,0,0
1986,Argentina,West Germany,3,2,0,0
1990,Italy,Austria,1,0,0,0
1990,United States,Czechoslovakia,1,5,0,0
1990,Italy,United States,1,0,0,0
1990,Austria,Czechoslovakia,0,1,0,0
1990,Italy,Czechoslovakia,2,0,0,0
1990,Austria,United States,2,1,0,0
1990,Argentina,Cameroon,0,1,0,0
1990,Soviet Union,Romania,0,2,0,0
1990,Argentina,Soviet Union,2,0,0,0
1990,Cameroon,Romania,2,1,0,0
1990,Argentina,Romania,1,1,0,0
1990,Cameroon,Soviet Union,0,4,0,0
1990,Brazil,Sweden,2,1,0,0
1990,Costa Rica,Scotland,1,0,0,0
1990,Brazil,Costa Rica,1,0,0,0
1990,Sweden,Scotland,1,2,0,0
1990,Brazil,Scotland,1,0,0,0
1990,Sweden,Costa Rica,1,2,0,0
1990,United Arab Emirates,Colombia,0,2,0,0
1990,West Germany,Yugoslavia,4,1,0,0
1990,Yugoslavia,Colombia,1,0,0,0
1990,West Germany,United Arab Emirates,5,1,0,0
1990,West Germany,Colombia,1,1,0,0
1990,Yugoslavia,United Arab Emirates,4,1,0,0
1990,Belgium,South Korea,2,0,0,0
1990,Uruguay,Spain,0,0,0,0
1990,Belgium,Uruguay,3,1,0,0
1990,South Korea,Spain,1,3,0,0
1990,Belgium,Spain,1,2,0,0
1990,South Korea,Uruguay,0,1,0,0
1990,England,Ireland,1,1,0,0
1990,Netherlands,Egypt,1,1,0,0
1990,England,Netherlands,0,0,0,0
1990,Ireland,Egypt,0,0,0,0
1990,England,Egypt,1,0,0,0
1990,Ireland,Netherlands,1,1,0,0
1990,Cameroon,Colombia,2,1,0,0
1990,Czechoslovakia,Costa Rica,4,1,0,0
1990,Brazil,Argentina,0,1,0,0
1990,West Germany,Netherlands,2,1,0,0
1990,Ireland,Romania,5,4,0,0
1990,Italy,Uruguay,2,0,0,0
1990,Spain,Yugoslavia,1,2,0,0
1990,England,Belgium,1,0,0,0
1990,Yugoslavia,Argentina,2,3,0,0
1990,Italy,Ireland,1,0,0,0
1990,West Germany,Czechoslovakia,1,0,0,0
1990,England,Cameroon,3,2,0,0
1990,Italy,Argentina,4,5,0,0
1990,West Germany,England,5,4,0,0
1990,Italy,England,2,1,0,0
1990,West Germany,Argentina,1,0,0,0
1994,United States,Switzerland,1,1,0,0
1994,Colombia,Romania,1,3,0,0
1994,Romania,Switzerland,1,4,0,0
1994,United States,Colombia,2,1,0,0
1994,United States,Romania,0,1,0,0
1994,Switzerland,Colombia,0,2,0,0
1994,Cameroon,Sweden,2,2,0,0
1994,Brazil,Russia,2,0,0,0
1994,Brazil,Cameroon,3,0,0,0
1994,Sweden,Russia,3,1,0,0
1994,Russia,Cameroon,6,1,0,0
1994,Brazil,Sweden,1,1,0,0
1994,Germany,Bolivia,1,0,0,0
1994,Spain,South Korea,2,2,0,0
1994,Germany,Spain,1,1,0,0
1994,South Korea,Bolivia,0,0,0,0
1994,Bolivia,Spain,1,3,0,0
1994,Germany,South Korea,3,2,0,0
1994,Argentina,Greece,4,0,0,0
1994,Nigeria,Bulgaria,3,0,0,0
1994,Argentina,Nigeria,2,1,0,0
1994,Greece,Bulgaria,0,4,0,0
1994,Greece,Nigeria,0,2,0,0
1994,Argentina,Bulgaria,0,2,0,0
1994,Italy,Ireland,0,1,0,0
1994,Norway,Mexico,1,0,0,0
1994,Italy,Norway,1,0,0,0
1994,Mexico,Ireland,2,1,0,0
1994,Ireland,Norway,0,0,0,0
1994,Italy,Mexico,1,1,0,0
1994,Belgium,Morocco,1,0,0,0
1994,Netherlands,Saudi Arabia,2,1,0,0
1994,Belgium,Netherlands,1,0,0,0
1994,Saudi Arabia,Morocco,2,1,0,0
1994,Morocco,Netherlands,1,2,0,0
1994,Belgium,Saudi Arabia,0,1,0,0
1994,Germany,Belgium,3,2,0,0
1994,Spain,Switzerland,3,0,0,0
1994,Saudi Arabia,Sweden,1,3,0,0
1994,Romania,Argentina,3,2,0,0
1994,Netherlands,Ireland,2,0,0,0
1994,Brazil,United States,1,0,0,0
1994,Nigeria,Italy,1,2,0,0
1994,Mexico,Bulgaria,1,3,0,0
1994,Italy,Spain,2,1,0,0
1994,Netherlands,Brazil,2,3,0,0
1994,Bulgaria,Germany,2,1,0,0
1994,Romania,Sweden,4,5,0,0
1994,Bulgaria,Italy,1,2,0,0
1994,Sweden,Brazil,0,1,0,0
1994,Sweden,Bulgaria,4,0,0,0
1994,Brazil,Italy,3,2,0,0
1998,Brazil,Scotland,2,1,0,0
1998,Morocco,Norway,2,2,0,0
1998,Scotland,Norway,1,1,0,0
1998,Brazil,Morocco,3,0,0,0
1998,Scotland,Morocco,0,3,0,0
1998,Brazil,Norway,1,2,0,0
1998,Cameroon,Austria,1,1,0,0
1998,Italy,Chile,2,2,0,0
1998,Chile,Austria,1,1,0,0
1998,Italy,Cameroon,3,0,0,0
1998,Italy,Austria,2,1,0,0
1998,Chile,Cameroon,1,1,0,0
1998,Saudi Arabia,Denmark,0,1,0,0
1998,France,South Africa,3,0,0,0
1998,France,Saudi Arabia,4,0,0,0
1998,South Africa,Denmark,1,1,0,0
1998,France,Denmark,2,1,0,0
1998,South Africa,Saudi Arabia,2,2,0,0
1998,Paraguay,Bulgaria,0,0,0,0
1998,Spain,Nigeria,2,3,0,0
1998,Nigeria,Bulgaria,1,0,0,0
1998,Spain,Paraguay,0,0,0,0
1998,Spain,Bulgaria,6,1,0,0
1998,Nigeria,Paraguay,1,3,0,0
1998,Netherlands,Belgium,0,0,0,0
1998,South Korea,Mexico,1,3,0,0
1998,Netherlands,South Korea,5,0,0,0
1998,Belgium,Mexico,2,2,0,0
1998,Belgium,South Korea,1,1,0,0
1998,Netherlands,Mexico,2,2,0,0
1998,Yugoslavia,Iran,1,0,0,0
1998,Germany,United States,2,0,0,0
1998,Germany,Yugoslavia,2,2,0,0
1998,United States,Iran,1,2,0,0
1998,Germany,Iran,2,0,0,0
1998,United States,Yugoslavia,0,1,0,0
1998,Romania,Colombia,1,0,0,0
1998,England,Tunisia,2,0,0,0
1998,Colombia,Tunisia,1,0,0,0
1998,Romania,England,2,1,0,0
1998,Romania,Tunisia,1,1,0,0
1998,Colombia,England,0,2,0,0
1998,Jamaica,Croatia,1,3,0,0
1998,Argentina,Japan,1,0,0,0
1998,Japan,Croatia,0,1,0,0
1998,Argentina,Jamaica,5,0,0,0
1998,Japan,Jamaica,1,2,0,0
1998,Argentina,Croatia,1,0,0,0
1998,Brazil,Chile,4,1,0,0
1998,Italy,Norway,1,0,0,0
1998,Nigeria,Denmark,1,4,0,0
1998,France,Paraguay,1,0,0,0
1998,Germany,Mexico,2,1,0,0
1998,Netherlands,Yugoslavia,2,1,0,0
1998,Argentina,England,4,3,0,0
1998,Romania,Croatia,0,1,0,0
1998,Italy,France,3,4,0,0
1998,Brazil,Denmark,3,2,0,0
1998,Germany,Croatia,0,3,0,0
1998,Netherlands,Argentina,2,1,0,0
1998,Brazil,Netherlands,4,2,0,0
1998,France,Croatia,2,1,0,0
1998,Netherlands,Croatia,1,2,0,0
1998,Brazil,France,0,3,0,0
2002,France,Senegal,0,1,0,0
2002,Uruguay,Denmark,1,2,0,0
2002,France,Uruguay,0,0,0,0
2002,Denmark,Senegal,1,1,0,0
2002,Denmark,France,2,0,0,0
2002,Senegal,Uruguay,3,3,0,0
2002,Paraguay,South Africa,2,2,0,0
2002,Spain,Slovenia,3,1,0,0
2002,Spain,Paraguay,3,1,0,0
2002,South Africa,Slovenia,1,0,0,0
2002,South Africa,Spain,2,3,0,0
2002,Slovenia,Paraguay,1,3,0,0
2002,Brazil,Turkey,2,1,0,0
2002,China,Costa Rica,0,2,0,0
2002,Brazil,China,4,0,0,0
2002,Costa Rica,Turkey,1,1,0,0
2002,Costa Rica,Brazil,2,5,0,0
2002,Turkey,China,3,0,0,0
2002,South Korea,Poland,2,0,0,0
2002,United States,Portugal,3,2,0,0
2002,South Korea,United States,1,1,0,0
2002,Portugal,Poland,4,0,0,0
2002,Portugal,South Korea,0,1,0,0
2002,Poland,United States,3,1,0,0
2002,Ireland,Cameroon,1,1,0,0
2002,Germany,Saudi Arabia,8,0,0,0
2002,Germany,Republic of Ireland,1,1,0,0
2002,Cameroon,Saudi Arabia,1,0,0,0
2002,Cameroon,Germany,0,2,0,0
2002,Saudi Arabia,Ireland,0,3,0,0
2002,England,Sweden,1,1,0,0
2002,Argentina,Nigeria,1,0,0,0
2002,Sweden,Nigeria,2,1,0,0
2002,Argentina,England,0,1,0,0
2002,Sweden,Argentina,1,1,0,0
2002,Nigeria,England,0,0,0,0
2002,Croatia,Mexico,0,1,0,0
2002,Italy,Ecuador,2,0,0,0
2002,Italy,Croatia,1,2,0,0
2002,Mexico,Ecuador,2,1,0,0
2002,Mexico,Italy,1,1,0,0
2002,Ecuador,Croatia,1,0,0,0
2002,Japan,Belgium,2,2,0,0
2002,Russia,Tunisia,2,0,0,0
2002,Japan,Russia,1,0,0,0
2002,Tunisia,Belgium,1,1,0,0
2002,Tunisia,Japan,0,2,0,0
2002,Belgium,Russia,3,2,0,0
2002,Germany,Paraguay,1,0,0,0
2002,Denmark,England,0,3,0,0
2002,Sweden,Senegal,1,2,0,0
2002,Spain,Ireland,4,3,0,0
2002,Mexico,United States,0,2,0,0
2002,Brazil,Belgium,2,0,0,0
2002,Japan,Turkey,0,1,0,0
2002,South Korea,Italy,2,1,0,0
2002,England,Brazil,1,2,0,0
2002,Germany,United States,1,0,0,0
2002,Spain,South Korea,3,5,0,0
2002,Senegal,Turkey,0,1,0,0
2002,Germany,South Korea,1,0,0,0
2002,Brazil,Turkey,1,0,0,0
2002,South Korea,Turkey,2,3,0,0
2002,Germany,Brazil,0,2,0,0
2006,Germany,Costa Rica,4,2,0,0
2006,Poland,Ecuador,0,2,0,0
2006,Germany,Poland,1,0,0,0
2006,Ecuador,Costa Rica,3,0,0,0
2006,Ecuador,Germany,0,3,0,0
2006,Costa Rica,Poland,1,2,0,0
2006,England,Paraguay,1,0,0,0
2006,Trinidad and Tobago,Sweden,0,0,0,0
2006,England,Trinidad and Tobago,2,0,0,0
2006,Sweden,Paraguay,1,0,0,0
2006,Sweden,England,2,2,0,0
2006,Paraguay,Trinidad and Tobago,2,0,0,0
2006,Argentina,Cote d'Ivoire,2,1,0,0
2006,Serbia and Montenegro,Netherlands,0,1,0,0
2006,Argentina,Serbia and Montenegro,6,0,0,0
2006,Netherlands,Cote d'Ivoire,2,1,0,0
2006,Netherlands,Argentina,0,0,0,0
2006,Cote d'Ivoire,Serbia and Montenegro,3,2,0,0
2006,Mexico,Iran,3,1,0,0
2006,Angola,Portugal,0,1,0,0
2006,Mexico,Angola,0,0,0,0
2006,Portugal,Iran,2,0,0,0
2006,Portugal,Mexico,2,1,0,0
2006,Iran,Angola,1,1,0,0
2006,Italy,Ghana,2,0,0,0
2006,United States,Czech Republic,0,3,0,0
2006,Italy,United States,1,1,0,0
2006,Czech Republic,Ghana,0,2,0,0
2006,Czech Republic,Italy,0,2,0,0
2006,Ghana,United States,2,1,0,0
2006,Brazil,Croatia,1,0,0,0
2006,Australia,Japan,3,1,0,0
2006,Brazil,Australia,2,0,0,0
2006,Japan,Croatia,0,0,0,0
2006,Japan,Brazil,1,4,0,0
2006,Croatia,Australia,2,2,0,0
2006,France,Switzerland,0,0,0,0
2006,South Korea,Togo,2,1,0,0
2006,France,South Korea,1,1,0,0
2006,Togo,Switzerland,0,2,0,0
2006,Togo,France,0,2,0,0
2006,Switzerland,South Korea,2,0,0,0
2006,Spain,Ukraine,4,0,0,0
2006,Tunisia,Saudi Arabia,2,2,0,0
2006,Spain,Tunisia,3,1,0,0
2006,Saudi Arabia,Ukraine,0,4,0,0
2006,Saudi Arabia,Spain,0,1,0,0
2006,Ukraine,Tunisia,1,0,0,0
2006,Germany,Sweden,2,0,0,0
2006,Argentina,Mexico,2,1,0,0
2006,England,Ecuador,1,0,0,0
2006,Portugal,Netherlands,1,0,0,0
2006,Italy,Australia,1,0,0,0
2006,Switzerland,Ukraine,0,0,0,0
2006,Brazil,Ghana,3,0,0,0
2006,Spain,France,1,3,0,0
2006,Germany,Italy,0,2,0,0
2006,Italy,Ukraine,3,0,0,0
2006,England,Portugal,0,0,0,0
2006,Brazil,France,0,1,0,0
2006,Germany,Argentina,1,1,0,0
2006,Portugal,France,0,1,0,0
2006,Germany,Portugal,3,1,0,0
2006,Italy,France,1,1,0,0
2010,South Africa,Mexico,1,1,0,0
2010,Uruguay,France,0,0,0,0
2010,South Africa,Uruguay,0,3,0,0
2010,France,Mexico,0,2,0,0
2010,Mexico,Uruguay,0,1,0,0
2010,France,South Africa,1,2,0,0
2010,South Korea,Greece,2,0,0,0
2010,Argentina,Nigeria,1,0,0,0
2010,Argentina,South Korea,4,1,0,0
2010,Greece,Nigeria,2,1,0,0
2010,Nigeria,South Korea,2,2,0,0
2010,Greece,Argentina,0,2,0,0
2010,England,United States,1,1,0,0
2010,Algeria,Slovenia,1,1,0,0
2010,Slovenia,United States,2,2,0,0
2010,England,Algeria,0,0,0,0
2010,United States,Algeria,1,0,0,0
2010,Slovenia,England,0,1,0,0
2010,Serbia,Ghana,0,1,0,0
2010,Germany,Australia,4,0,0,0
2010,Germany,Serbia,0,1,0,0
2010,Ghana,Australia,1,1,0,0
2010,Australia,Serbia,1,1,0,0
2010,Ghana,Germany,1,1,0,0
2010,Netherlands,Denmark,2,0,0,0
2010,Japan,Cameroon,1,0,0,0
2010,Netherlands,Japan,1,0,0,0
2010,Cameroon,Denmark,1,2,0,0
2010,Denmark,Japan,1,3,0,0
2010,Cameroon,Netherlands,1,2,0,0
2010,Italy,Paraguay,1,1,0,0
2010,New Zealand,Slovakia,1,1,0,0
2010,Slovakia,Paraguay,0,2,0,0
2010,Italy,New Zealand,1,1,0,0
2010,Slovakia,Italy,3,2,0,0
2010,Paraguay,New Zealand,0,0,0,0
2010,Cote d'Ivoire,Portugal,0,0,0,0
2010,Brazil,North Korea,2,1,0,0
2010,Brazil,Cote d'Ivoire,3,1,0,0
2010,Portugal,North Korea,7,0,0,0
2010,Portugal,Brazil,0,0,0,0
2010,North Korea,Cote d'Ivoire,0,3,0,0
2010,Honduras,Chile,0,1,0,0
2010,Spain,Switzerland,0,1,0,0
2010,Chile,Switzerland,1,0,0,0
2010,Spain,Honduras,2,0,0,0
2010,Chile,Spain,1,2,0,0
2010,Switzerland,Honduras,0,0,0,0
2010,Uruguay,South Korea,2,1,0,0
2010,United States,Ghana,1,2,0,0
2010,Germany,England,4,1,0,0
2010,Argentina,Mexico,3,1,0,0
2010,Netherlands,Slovakia,2,1,0,0
2010,Brazil,Chile,3,0,0,0
2010,Paraguay,Japan,5,3,0,0
2010,Spain,Portugal,1,0,0,0
2010,Netherlands,Brazil,2,1,0,0
2010,Uruguay,Ghana,2,1,0,0
2010,Argentina,Germany,0,4,0,0
2010,Paraguay,Spain,0,1,0,0
2010,Uruguay,Netherlands,2,3,0,0
2010,Germany,Spain,0,1,0,0
2010,Uruguay,Germany,2,3,0,0
2010,Netherlands,0-1nV,2,3,0,0
2014,Brazil,Croatia,3,1,0,0
2014,Mexico,Cameroon,1,0,0,0
2014,Brazil,Mexico,1,0,0,0
2014,Cameroon,Croatia,1,0,0,0
2014,Cameroon,Brazil,1,0,0,0
2014,Croatia,Mexico,1,0,0,0
2014,Spain,Netherlands,1,5,0,0
2014,Chile,Australia,3,1,0,0
2014,Spain,Chile,3,1,0,0
2014,Australia,Netherlands,3,1,0,0
2014,Australia,Spain,3,1,0,0
2014,Netherlands,Chile,3,1,0,0
2014,Colombia,Greece,3,1,0,0
2014,Cote d'Ivoire,Japan,3,1,0,0
2014,Colombia,Cote d'Ivoire,3,1,0,0
2014,Japan,Greece,3,1,0,0
2014,Japan,Colombia,3,1,0,0
2014,Greece,Cote d'Ivoire,3,1,0,0
2014,Uruguay,Costa Rica,3,1,0,0
2014,England,Italy,3,1,0,0
2014,Uruguay,England,3,1,0,0
2014,Italy,Costa Rica,3,1,0,0
2014,Italy,Uruguay,3,1,0,0
2014,Costa Rica,England,3,1,0,0
2014,Switzerland,Ecuador,3,1,0,0
2014,France,Honduras,3,1,0,0
2014,Switzerland,France,3,1,0,0
2014,Honduras,Ecuador,3,1,0,0
2014,Honduras,Switzerland,3,1,0,0
2014,Ecuador,France,3,1,0,0
2014,Argentina,Bosnia-Herzegovina,3,1,0,0
2014,Iran,Nigeria,3,1,0,0
2014,Argentina,Iran,3,1,0,0
2014,Nigeria,Bosnia-Herzegovina,3,1,0,0
2014,Nigeria,Argentina,3,1,0,0
2014,Bosnia-Herzegovina,Iran,3,1,0,0
2014,Germany,Portugal,3,1,0,0
2014,Ghana,United States,3,1,0,0
2014,Germany,Ghana,3,1,0,0
2014,United States,Portugal,3,1,0,0
2014,United States,Germany,3,1,0,0
2014,Portugal,Ghana,3,1,0,0
2014,Belgium,Algeria,3,1,0,0
2014,Russia,South Korea,3,1,0,0
2014,Belgium,Russia,3,1,0,0
2014,South Korea,Algeria,3,1,0,0
2014,South Korea,Belgium,3,1,0,0
2014,Algeria,Russia,3,1,0,0
2014,Brazil,Chile,1,1,3,2
2014,Colombia,Uruguay,2,0,0,0
2014,Netherlands,Mexico,2,1,0,0
2014,Costa Rica,Greece,1,1,5,3
2014,France,Nigeria,2,0,0,0
2014,Germany,Algeria,2,1,0,0
2014,Argentina,Switzerland,1,0,0,0
2014,Belgium,United States,2,1,0,0
2014,Brazil,Colombia,2,1,0,0
2014,France,Germany,0,1,0,0
2014,Netherlands,Costa Rica,0,0,4,3
2014,Argentina,Belgium,1,0,0,0
2014,Brazil,Germany,1,7,0,0
2014,Netherlands,Argentina,0,0,2,4
2014,Brazil,Netherlands,0,3,0,0
2014,Germany,Argentina,1,0,0,0
2018,Russia,Egypt,3,1,0,0
2018,Uruguay,Saudi Arabia,1,0,0,0
2018,Portugal,Morocco,1,0,0,0
2018,Iran,Spain,0,1,0,0
2018,Costa Rica,Serbia,0,1,0,0
2018,Germany,Mexico,0,1,0,0
2018,Sweden,South Korea,1,0,0,0
2018,Belgium,Panama,3,0,0,0
2018,Tunisia,England,1,2,0,0
2018,Colombia,Japan,1,2,0,0
2018,Poland,Senegal,1,2,0,0
